order_date,region,channel,product_line,orders,revenue
2026-01-06,North,Online,Home,42,3180.50
2026-01-06,South,Store,Electronics,18,5420.00
2026-01-13,East,Online,Apparel,35,1890.25
2026-01-13,West,Store,Grocery,60,960.40
2026-01-20,North,Store,Electronics,12,4100.00
2026-01-20,South,Online,Home,28,2210.75
2026-01-27,East,Store,Grocery,55,880.10
2026-01-27,West,Online,Apparel,22,1540.00
2026-02-03,North,Online,Apparel,31,2105.60
2026-02-03,South,Store,Home,19,1760.00
2026-02-10,East,Online,Electronics,15,6230.40
2026-02-10,West,Store,Home,24,1988.20
2026-02-17,North,Store,Grocery,70,1120.00
2026-02-17,South,Online,Apparel,26,1688.90
2026-02-24,East,Store,Electronics,9,3890.00
2026-02-24,West,Online,Grocery,48,742.30
2026-03-03,North,Online,Home,39,2875.00
2026-03-03,South,Store,Grocery,64,1011.50
2026-03-10,East,Online,Home,21,1644.80
2026-03-10,West,Store,Apparel,17,2210.00
2026-03-17,North,Store,Electronics,14,4980.00
2026-03-17,South,Online,Electronics,11,3760.25
2026-03-24,East,Store,Apparel,29,1433.70
2026-03-24,West,Online,Home,33,2540.00
2026-04-07,North,Online,Grocery,58,905.60
2026-04-07,South,Store,Apparel,20,1875.00
2026-04-14,East,Online,Grocery,41,688.40
2026-04-14,West,Store,Electronics,8,4520.00
2026-04-21,North,Store,Home,16,1390.00
2026-04-21,South,Online,Home,37,3012.80
2026-04-28,East,Store,Home,22,1710.50
2026-04-28,West,Online,Apparel,19,1322.00
2026-05-05,North,Online,Electronics,13,5675.00
2026-05-05,South,Store,Electronics,10,3340.00
2026-05-12,East,Online,Apparel,27,1599.40
2026-05-12,West,Store,Grocery,66,1044.20
2026-05-19,North,Store,Apparel,,980.00
2026-05-19,South,Online,Grocery,52,812.75
2026-05-26,East,Store,Electronics,7,2980.00
2026-05-26,West,Online,Electronics,16,6104.50
