visit_date,source,device,campaign,sessions,signups
2026-01-05,Search,Desktop,Winter,820,41
2026-01-05,Social,Mobile,Winter,640,28
2026-01-12,Email,Desktop,Winter,310,36
2026-01-12,Direct,Mobile,None,220,9
2026-01-19,Search,Mobile,Winter,910,47
2026-01-19,Social,Desktop,Winter,280,11
2026-01-26,Email,Mobile,Winter,190,22
2026-01-26,Direct,Desktop,None,260,8
2026-02-02,Search,Desktop,Spring,880,52
2026-02-02,Social,Mobile,Spring,1010,61
2026-02-09,Email,Desktop,Spring,340,40
2026-02-09,Direct,Mobile,None,180,6
2026-02-16,Search,Mobile,Spring,970,58
2026-02-16,Social,Desktop,Spring,410,19
2026-02-23,Email,Mobile,Spring,260,31
2026-02-23,Direct,Desktop,None,240,7
2026-03-02,Search,Desktop,Spring,1120,73
2026-03-02,Social,Mobile,Spring,890,49
2026-03-09,Email,Desktop,Spring,380,44
2026-03-09,Direct,Mobile,None,210,5
2026-03-16,Search,Mobile,Spring,1040,66
2026-03-16,Social,Desktop,Spring,360,17
2026-03-23,Email,Mobile,Spring,290,33
2026-03-23,Direct,Desktop,None,275,10
2026-04-06,Search,Desktop,Clearance,760,29
2026-04-06,Social,Mobile,Clearance,1320,70
2026-04-13,Email,Desktop,Clearance,450,51
2026-04-13,Direct,Mobile,None,195,4
2026-04-20,Search,Mobile,Clearance,840,38
2026-04-20,Social,Desktop,Clearance,390,15
2026-04-27,Email,Mobile,Clearance,310,27
2026-04-27,Direct,Desktop,None,230,8
2026-05-04,Search,Desktop,None,690,24
2026-05-04,Social,Mobile,None,540,18
2026-05-11,Email,Desktop,None,180,12
2026-05-11,Direct,Mobile,None,160,3
2026-05-18,Search,Mobile,None,720,21
2026-05-18,Social,Desktop,,250,9
2026-05-25,Email,Mobile,None,140,8
2026-05-25,Direct,Desktop,None,200,6
